[

    {"עומס":"0","מחוז":"חיפה","מספר תיקים":"1","מספר דיונים":"1","התמחות":"פלילי","שם":"משה בן משה"},
    
    {   "עומס":"0",
        "מחוז":"תל אביב",
        "מספר תיקים":"2",
        "מספר דיונים":"5",
        "התמחות":"דיני משפחה",
        "שם":"דוד בן דוד"
    },
    {   "עומס":"0",
        "מחוז":"באר שבע",
        "מספר תיקים":"1",
        "מספר דיונים":"4",
        "התמחות":"דיני עבודה",
        "שם":"חיים בן חיים"
    },
    {   "עומס":"0",
        "מחוז":"חיפה",
        "מספר תיקים":"2",
        "מספר דיונים":"7",
        "התמחות":"פלילי",
        "שם":"רחל כהן"
    },
    {   "עומס":"0",
        "מחוז":"חיפה",
        "מספר תיקים":"3",
        "מספר דיונים":"6",
        "התמחות":"דיני עבודה",
        "שם":"דינה לוי"
    },
    {   "עומס":"0",
        "מחוז":"באר שבע",
        "מספר תיקים":"3",
        "מספר דיונים":"2",
        "התמחות":"דיני חוזים",
        "שם":"אברהם אברהמי"
    },
    {   "עומס":"0",
        "מחוז":"ירושלים",
        "מספר תיקים":"3",
        "מספר דיונים":"3",
        "התמחות":"פלילי",
        "שם":"יעקב יעקבי"
    },
    {   "עומס":"0",
        "מחוז":"תל אביב",
        "מספר תיקים":"3",
        "מספר דיונים":"10",
        "התמחות":"דיני עבודה",
        "שם":"יצחק יצחקי"
    },
    {   "עומס":"0",
        "מחוז":"באר שבע",
        "מספר תיקים":"3",
        "מספר דיונים":"9",
        "התמחות":"דיני משפחה",
        "שם":"ישראל ישראלי"
    },
    {   "עומס":"0",
        "מחוז":"ירושלים",
        "מספר תיקים":"3",
        "מספר דיונים":"4",
        "התמחות":"דיני חוזים",
        "שם":"שלומית יצחק"
    },
    {   "עומס":"0",
        "מחוז":"ירושלים",
        "מספר תיקים":"3",
        "מספר דיונים":"7",
        "התמחות":"דיני חוזים",
        "שם":"אחינועם כהלני"
    }

]
